keyword,docid
10,"[1053, 5235]"
11,[8711]
12,[7422]
13,[1053]
150,[1053]
16,[7422]
20,[7422]
20051201,[8711]
2006,"[1053, 3644, 5235, 7422, 8711]"
20091225,[7422]
20120627,[5235]
20170323,[3644]
2020,"[1053, 3644, 5235, 7422, 8711]"
20210518,[1053]
21002200,[5235]
22,[3644]
2230,[5235]
3,[3644]
5,"[1053, 8711, 8711, 8711]"
57,[5235]
6,[5235]
7,"[8711, 8711]"
8,"[8711, 8711]"
Copyright,"[1053, 3644, 5235, 7422, 8711]"
一名,[7422]
一大早,[8711]
一天,[5235]
一定,[5235]
一次,[7422]
一步,"[3644, 8711]"
一流,[3644]
一线,[7422]
一行,"[3644, 3644]"
上,"[5235, 7422, 7422]"
上午,[3644]
上旬,[5235]
上王,[5235]
下,"[3644, 5235, 8711]"
下发,[1053]
下降,[8711]
不,[7422]
不严,[8711]
不断,"[1053, 1053, 7422]"
不稳,[5235]
不能,[8711]
与会,[7422]
专门,[1053]
世界,"[3644, 3644]"
业务,"[3644, 3644, 3644]"
业务部,[3644]
东校区,[3644]
东西,[5235]
两,[1053]
两个,"[5235, 8711]"
两处,[5235]
严格,[1053]
严重,[8711]
中,"[3644, 5235, 5235, 7422, 7422, 7422, 7422]"
中午,[5235]
中国,[3644]
中国人民大学,"[1053, 1053, 1053, 3644, 3644, 3644, 3644, 3644, 3644, 3644, 3644, 3644, 5235, 5235, 5235, 7422, 7422, 7422, 8711, 8711, 8711]"
中心,"[3644, 3644, 3644, 3644, 3644, 3644, 5235, 7422, 8711, 8711, 8711]"
丰富,[3644]
临近,[5235]
为主,[3644]
主任,"[1053, 3644, 3644, 3644, 3644, 3644]"
主讲,[1053]
主题,[5235]
举办,"[5235, 5235]"
之后,[5235]
乔鹏,[3644]
习近平,[3644]
书记,"[3644, 5235, 5235]"
事宜,"[3644, 3644, 3644, 3644]"
交流,[3644]
交流中心,"[7422, 7422]"
人,[8711]
人事管理,[1053]
人员,"[1053, 1053]"
人大,"[1053, 1053, 3644, 3644, 3644, 3644, 3644, 5235, 5235, 7422, 7422, 8711, 8711]"
人性化,[7422]
人才,"[1053, 3644, 5235, 7422, 8711]"
人数,[5235]
人民大学,[3644]
今后,[5235]
今天,"[1053, 3644, 5235, 7422, 8711]"
介绍,"[1053, 1053, 3644, 5235]"
代表,"[5235, 5235, 5235, 5235, 5235, 5235, 5235, 5235, 7422]"
以此,[3644]
任务,[1053]
优势,[3644]
优质,[5235]
会,"[1053, 5235]"
会上,[7422]
会后,[1053]
会见,[3644]
会议,"[5235, 7422]"
位于,[3644]
位置,[5235]
住宿,[5235]
余名,[5235]
佳绩,[7422]
使,"[7422, 7422, 7422]"
使受,[8711]
使用,"[5235, 5235, 5235]"
供暖,"[8711, 8711, 8711, 8711, 8711, 8711, 8711, 8711, 8711]"
便,[8711]
保证,"[3644, 8711, 8711]"
信任,[7422]
值班员,"[1053, 1053]"
倾听,[5235]
做,[1053]
做出,[3644]
做好,[1053]
充分利用,[3644]
充分发挥,[3644]
充足,[5235]
党团,"[1053, 1053, 3644, 3644, 5235, 5235, 7422, 7422, 8711, 8711]"
党委,[3644]
党委书记,[5235]
党委委员,[3644]
入职,"[1053, 1053]"
全体,"[1053, 1053, 1053]"
全力,[3644]
全方位,[3644]
全面,[3644]
公共,"[5235, 5235]"
公共设施,[5235]
公告,"[1053, 1053, 3644, 3644, 5235, 5235, 7422, 7422, 8711, 8711]"
公寓,"[1053, 1053, 1053, 1053, 1053, 1053, 1053, 1053, 1053, 1053, 7422]"
共同,"[3644, 5235]"
共同努力,[5235]
关心,[7422]
关掉,[8711]
关注,[5235]
关键,[1053]
关闭,[5235]
兴业银行,"[3644, 3644, 3644, 3644, 3644, 3644, 3644, 3644, 3644, 3644]"
其后,[5235]
其间,[5235]
具体,"[3644, 5235]"
具体情况,[5235]
具有,[3644]
兼,"[3644, 3644, 5235]"
内,"[1053, 3644, 5235, 5235, 5235, 5235, 7422, 8711]"
内容,"[1053, 1053, 5235]"
再创,[7422]
冬季,[8711]
决定,"[5235, 8711]"
减,[8711]
减灾,[1053]
出席,[1053]
出现,[5235]
分布,[5235]
分散,[5235]
分析,[5235]
刊物,"[1053, 1053, 3644, 3644, 5235, 5235, 7422, 7422, 8711, 8711]"
刘一民,[5235]
刘岱,[5235]
刘洋,[3644]
创建,"[5235, 5235]"
初步,[3644]
到来,"[5235, 5235]"
制定,"[3644, 3644]"
制度,[7422]
副,"[3644, 3644, 3644, 3644, 3644, 3644, 3644, 3644]"
副处长,[3644]
副总经理,"[3644, 3644, 5235, 5235]"
副校长,"[3644, 3644]"
副行长,"[3644, 3644, 3644, 3644, 3644, 3644, 3644]"
力争,[8711]
办公室,"[1053, 3644, 3644, 3644, 3644, 3644]"
加入收藏,"[1053, 3644, 5235, 7422, 8711]"
加强,"[3644, 5235]"
加装,[8711]
动态,"[1053, 1053, 1053, 1053, 1053, 1053, 3644, 3644, 3644, 5235, 5235, 5235, 7422, 7422, 7422, 7422, 7422, 7422, 8711, 8711, 8711, 8711, 8711, 8711]"
助理,[3644]
努力,"[1053, 3644, 8711]"
包括,[1053]
北京,"[3644, 3644, 3644, 3644, 3644]"
北京分行,"[3644, 3644, 3644, 3644, 3644]"
北京市政府,[8711]
北区,"[8711, 8711]"
区,[5235]
区域,[3644]
协作,[7422]
厂家,[8711]
压,[8711]
压力,"[5235, 8711]"
原文,[3644]
原有,[8711]
参与,"[1053, 1053, 1053, 3644]"
参会,[7422]
参加,"[3644, 5235]"
及时,"[7422, 7422]"
双方,"[3644, 3644, 3644, 3644, 3644, 5235]"
发展,"[1053, 3644, 3644]"
发现,"[8711, 8711, 8711]"
受,[8711]
召开,"[7422, 7422, 7422]"
召集,[7422]
可否,[5235]
各分部,[8711]
各处,[5235]
各级,"[7422, 7422]"
合作,"[3644, 3644, 3644, 3644, 3644, 3644, 3644, 3644, 3644, 3644]"
名,[7422]
后,[1053]
后勤,"[1053, 1053, 1053, 1053, 3644, 3644, 3644, 3644, 3644, 5235, 5235, 5235, 5235, 7422, 7422, 7422, 8711, 8711, 8711]"
后延有,[5235]
后期,[1053]
听,"[5235, 5235]"
听取,[7422]
启动,[8711]
员工,"[1053, 1053, 1053, 1053, 1053, 7422, 7422, 7422, 7422, 7422, 7422, 7422, 7422, 7422, 7422, 7422, 7422, 7422, 7422, 7422]"
周伟,[3644]
周到,[5235]
和谐,"[1053, 5235, 5235]"
商业银行,[3644]
商讨,[3644]
商谈,"[3644, 3644]"
商贸,"[1053, 3644, 5235, 7422, 8711]"
团结,[7422]
困惑,[7422]
困难,"[5235, 5235, 7422, 7422]"
围绕,[5235]
国内,"[1053, 1053, 1053, 1053, 1053, 1053, 1053, 1053]"
国拨,[3644]
国际,"[7422, 7422, 7422]"
国际标准,[3644]
圆满结束,[7422]
地图,"[1053, 3644, 5235, 7422, 8711]"
坚持,[1053]
坦诚,[5235]
城市,"[3644, 3644, 3644]"
培训,"[1053, 1053, 1053, 1053, 1053, 1053, 1053, 1053, 1053, 1053, 1053, 1053, 1053]"
基本,[3644]
基金会,[3644]
增多,[5235]
增开,[5235]
处理,[8711]
处置,[1053]
处长,[3644]
夏令时,[5235]
夏日,[5235]
外,[3644]
大型,"[3644, 3644]"
大家,[1053]
大小,[5235]
天气,[5235]
契机,[3644]
奖励,"[1053, 3644, 5235, 7422, 8711]"
如有,[5235]
妥善解决,[7422]
孙超,"[1053, 1053]"
孟林,[3644]
学习,[1053]
学校,"[1053, 3644, 3644, 3644, 3644, 3644, 3644, 8711]"
学生,"[5235, 5235, 5235, 5235, 5235, 5235, 5235, 5235, 5235, 5235, 5235, 5235, 5235, 5235, 5235, 5235, 5235, 5235, 5235, 5235, 5235]"
学生会,[5235]
学生公寓,"[1053, 3644, 5235, 7422, 8711]"
安全,"[1053, 1053, 1053, 1053, 1053, 1053, 1053, 1053, 1053, 3644, 3644, 5235, 5235, 7422, 7422, 8711, 8711]"
安置,[5235]
定位,[3644]
实操,[1053]
实践,[1053]
实际,[5235]
客人,[7422]
客户部,"[3644, 3644]"
宣传,[5235]
对外,[5235]
对现,[5235]
小时,[5235]
小组,[3644]
尤其,[5235]
尾声,[5235]
居民,[8711]
岗位,[1053]
岗位职责,[1053]
工会,"[1053, 1053, 3644, 3644, 5235, 5235, 7422, 7422, 8711, 8711]"
工作,"[1053, 1053, 1053, 1053, 1053, 3644, 3644, 3644, 5235, 5235, 7422, 7422, 7422, 7422, 8711, 8711]"
工作人员,"[8711, 8711, 8711]"
巨大,"[3644, 3644]"
已,[3644]
已经,[3644]
师生,"[5235, 5235]"
希望,"[3644, 3644, 3644, 5235, 5235, 7422]"
平台,[7422]
年久失修,[8711]
幼儿教育,"[1053, 3644, 5235, 7422, 8711]"
广大,[5235]
应会,[1053]
应急,[1053]
应知,[1053]
座谈,"[3644, 3644, 5235, 5235]"
座谈会,"[5235, 5235]"
延长,"[5235, 5235]"
建言献策,"[3644, 5235]"
建议,"[5235, 5235]"
建设,"[3644, 3644, 3644, 3644, 3644, 3644, 3644, 3644, 3644, 3644, 3644, 3644, 3644, 3644, 3644, 3644, 3644]"
建设项目,"[3644, 3644, 3644]"
开创,[3644]
开展,"[1053, 1053, 1053]"
开挖,[8711]
开放,"[5235, 5235, 5235, 5235, 5235]"
引导,[5235]
张敏,"[1053, 1053]"
张树志,[1053]
张霆,[3644]
强烈,[7422]
强音,[3644]
影响,"[8711, 8711]"
彻底,[5235]
得到,"[7422, 7422]"
微信,"[1053, 3644, 5235, 7422, 8711]"
微博,"[1053, 3644, 5235, 7422, 8711]"
心中,[7422]
心声,"[5235, 5235, 5235]"
思想观念,[7422]
总,[3644]
总书记,[3644]
总经理,"[3644, 3644, 3644, 3644, 3644, 5235]"
总行,"[3644, 3644, 3644]"
恢复,"[8711, 8711]"
恳谈会,"[7422, 7422, 7422]"
您好,"[1053, 3644, 5235, 7422, 8711]"
情况,"[3644, 5235, 5235]"
感谢,[5235]
戈福琴,"[1053, 1053]"
成为,"[3644, 3644]"
成立,"[3644, 3644]"
我国,[3644]
我校,"[5235, 5235, 5235, 8711]"
战略,"[3644, 3644]"
手段,[3644]
打下,[3644]
技能,[1053]
投入,[7422]
投诉,"[1053, 3644, 5235, 7422, 8711]"
投资银行,[3644]
投资额,[3644]
抢修,[8711]
报修,"[1053, 3644, 5235, 7422, 8711]"
招聘,"[1053, 3644, 5235, 7422, 8711]"
拥挤,[5235]
挑战,[7422]
掉,[8711]
掌声,[7422]
排队,"[5235, 5235]"
探讨,[5235]
接待,"[1053, 3644, 5235, 5235, 7422, 8711]"
推动,[3644]
推进,[3644]
提供,"[3644, 5235, 5235, 7422]"
提出,"[3644, 7422, 7422]"
提升,"[1053, 1053]"
提早,[5235]
提高,"[1053, 1053]"
搭建,[1053]
支持,[3644]
支行,[3644]
改造,[5235]
政治,[1053]
政策,[7422]
政策法规,"[1053, 3644, 5235, 7422, 8711]"
效果,[1053]
教学服务,"[1053, 3644, 5235, 7422, 8711]"
教育,[3644]
数据,[5235]
整体,[5235]
文化,"[3644, 7422, 7422]"
文明,[1053]
新,"[1053, 1053, 1053, 3644, 3644, 3644, 3644, 3644, 3644, 3644, 3644, 3644, 3644, 3644, 3644, 3644, 3644, 3644, 3644, 3644]"
新闻,"[1053, 1053, 3644, 3644, 3644, 3644, 3644, 5235, 5235, 5235, 5235, 5235, 7422, 7422, 8711, 8711]"
新闻动态,"[1053, 1053, 1053, 1053, 3644, 3644, 3644, 3644, 5235, 5235, 5235, 5235, 7422, 7422, 7422, 7422, 8711, 8711, 8711, 8711]"
新闻网,"[3644, 3644]"
方案,"[3644, 3644, 3644, 7422]"
方针,[1053]
方面,"[3644, 5235, 7422]"
施工,[8711]
施工人员,[8711]
日,"[1053, 3644, 7422, 8711]"
日为,[8711]
日即,[8711]
日常,"[1053, 5235]"
日晚,[8711]
日至,[1053]
时,[8711]
时常,[5235]
时段,[5235]
时间,"[1053, 3644, 5235, 5235, 5235, 5235, 5235, 5235, 5235, 5235, 5235, 7422, 8711]"
春季,"[1053, 1053]"
晚,[5235]
晚上,[5235]
晚间,"[5235, 5235]"
智慧,[1053]
暖气,[8711]
暨,"[1053, 1053]"
更,[5235]
更加,"[5235, 7422]"
曾瑶,[3644]
最后,"[5235, 5235]"
最小,[8711]
最快,[8711]
最美,[3644]
月,"[1053, 3644, 5235, 5235, 7422, 8711]"
有限公司,[3644]
服务,"[1053, 1053, 1053, 1053, 1053, 3644, 3644, 3644, 3644, 3644, 5235, 5235, 5235, 5235, 5235, 5235, 7422, 7422, 7422, 7422, 7422, 7422, 7422, 8711, 8711, 8711, 8711, 8711]"
服务体系,[1053]
服务平台,"[1053, 3644, 5235, 7422, 8711]"
服务水平,[1053]
期望,[7422]
本次,"[1053, 1053, 1053, 7422]"
机构,"[1053, 3644, 3644, 3644, 3644, 5235, 7422, 8711]"
李明,[3644]
来到,"[1053, 3644, 5235, 7422, 8711]"
来校,"[3644, 3644]"
来源,"[1053, 3644, 5235, 7422, 8711]"
林建荣,[3644]
树立,[7422]
校,[5235]
校区,"[1053, 3644, 3644, 3644, 3644, 3644, 3644, 3644, 3644, 3644, 3644, 3644, 3644, 3644, 3644, 3644, 3644, 3644, 5235, 7422, 8711]"
校友,[3644]
校团委,"[5235, 5235]"
校园,"[3644, 3644, 5235]"
校园生活,[5235]
核心,[3644]
检查,"[1053, 8711, 8711]"
楼,"[5235, 5235, 8711, 8711, 8711]"
楼长,"[1053, 1053]"
概况,"[1053, 3644, 5235, 7422, 8711]"
模式,[3644]
次,"[1053, 3644, 5235, 7422, 8711]"
欢迎,"[1053, 3644, 5235, 7422, 8711]"
正常,"[8711, 8711]"
正确,[7422]
武雷,[3644]
殷切希望,[7422]
每层,[5235]
每年,[5235]
每日,"[5235, 5235]"
气氛,[5235]
水暖,[5235]
水泵,[8711]
水流,[5235]
水温,"[5235, 5235]"
水电,"[8711, 8711, 8711]"
永胜,"[5235, 5235]"
沟,[8711]
治安,[1053]
注重,[1053]
洗浴,"[5235, 5235, 5235, 5235, 5235]"
活动,"[1053, 3644, 5235, 5235]"
派,[8711]
浴室,"[5235, 5235, 5235, 5235, 5235, 5235, 5235, 5235, 5235, 5235, 5235, 5235, 5235, 5235, 5235]"
海淀,[3644]
海鹰,[3644]
消防,[1053]
消防安全,[1053]
涉及,[7422]
涵盖,[3644]
深刻,[7422]
温馨,"[1053, 1053, 3644, 3644, 5235, 5235, 7422, 7422, 8711, 8711]"
源,[5235]
满足,[5235]
漏水,[8711]
演练,[1053]
灭火,[1053]
灵敏度,[5235]
炎热,[5235]
点火,[8711]
热情,[7422]
热源,[5235]
热烈,[7422]
焦点,"[5235, 7422]"
爱护,[5235]
物业,"[1053, 3644, 5235, 7422, 8711]"
物业管理,"[5235, 5235, 5235]"
特色,[3644]
独具,[3644]
王,[5235]
王春,[3644]
王纹,[3644]
环境,[5235]
现,[5235]
现代化,"[3644, 3644, 3644]"
现实情况,[5235]
现状,[5235]
现象,"[5235, 5235]"
理念,"[1053, 7422]"
理解,[7422]
生产,"[1053, 3644, 5235, 7422, 8711]"
生活,"[7422, 7422, 8711]"
申请,[3644]
疑惑,[7422]
白连永,[3644]
监督,"[1053, 3644, 5235, 7422, 8711]"
目前,[3644]
相关,"[3644, 3644]"
眼光,[3644]
眼镜架,[5235]
知行区,"[5235, 5235, 5235, 5235, 5235]"
知识,"[1053, 1053, 1053]"
研究,[3644]
破损,[8711]
示范,[3644]
社会,"[3644, 3644]"
科技园,[3644]
秘书长,[3644]
积极开展,[3644]
积极性,[7422]
积累,[1053]
程度,[5235]
空气,[5235]
突发事件,[1053]
立即,[8711]
站,"[1053, 3644, 5235, 7422, 8711]"
站位,[1053]
答复,[7422]
筹备,"[3644, 3644]"
筹备工作,[3644]
简介,"[1053, 3644, 5235, 7422, 8711]"
管理,"[1053, 1053, 1053, 1053, 3644, 3644, 5235, 5235, 5235, 7422]"
管理处,[3644]
管线,"[8711, 8711]"
管网,"[8711, 8711]"
管道,[8711]
精益求精,[5235]
系统,[7422]
紧急,[8711]
纷纷表示,[7422]
组成部分,[3644]
组织,"[1053, 1053, 1053, 8711]"
细化,[3644]
经理,[3644]
经验,[3644]
结合,[1053]
结束,[1053]
继续,[1053]
维修,[8711]
综合,[5235]
绿色,[1053]
缓解,[5235]
编辑,"[1053, 3644, 5235, 7422, 8711]"
网站,"[1053, 3644, 5235, 7422, 8711]"
美好,"[5235, 5235]"
老,"[1053, 3644, 5235, 7422, 8711]"
考核,"[1053, 1053]"
考虑,[5235]
职能部门,[3644]
联合,[3644]
联系,"[1053, 3644, 5235, 7422, 8711, 8711]"
联系方式,"[1053, 3644, 5235, 7422, 8711]"
股份制,[3644]
肯定,[1053]
能力,[1053]
能否,[5235]
能够,"[5235, 7422]"
自我,[7422]
自我完善,[7422]
舒适,[1053]
良好基础,[3644]
良性循环,[3644]
节能,[5235]
荣誉,"[1053, 3644, 5235, 7422, 8711]"
薛,"[3644, 3644, 3644, 3644, 3644, 3644, 3644]"
融资,"[3644, 3644, 3644]"
行长,"[3644, 3644, 3644]"
表示,"[1053, 1053, 3644, 3644, 3644, 3644, 5235, 7422]"
表达,[5235]
裴,"[5235, 5235]"
裴晟,[5235]
西区,[5235]
要求,"[1053, 1053, 1053, 3644, 3644, 8711]"
要素,[1053]
规模,[5235]
规范,[1053]
解,"[5235, 5235]"
解决,[5235]
解析,[1053]
解答,"[5235, 7422]"
解释,[7422]
解除,[7422]
认同,[7422]
认真,[7422]
认真学习,[1053]
认真负责,[7422]
设置,"[1053, 3644, 5235, 7422, 8711]"
访问,[3644]
试炉,[8711]
试运行,[8711]
详细,"[1053, 5235]"
说明,[7422]
读卡器,[5235]
调动,[7422]
负责人,"[3644, 3644, 5235, 5235]"
贡献,[3644]
财务处,[3644]
责任心,[7422]
购置,[8711]
贺耀敏,"[3644, 3644]"
资产,"[3644, 3644]"
资金,"[3644, 3644, 3644]"
赞同,[7422]
踊跃发言,[5235]
轻松,[5235]
较大,[8711]
辜负,[7422]
运行,"[5235, 8711, 8711, 8711]"
运输,"[1053, 3644, 5235, 7422, 8711]"
还,"[1053, 7422]"
这种,[7422]
进一步,"[3644, 7422]"
进入,[5235]
进行,"[1053, 1053, 1053, 3644, 3644, 3644, 5235, 5235, 7422, 7422, 8711, 8711, 8711, 8711]"
连夜,"[8711, 8711]"
逐个,[8711]
通州,"[3644, 3644, 3644, 3644, 3644, 3644, 3644, 3644, 3644, 3644, 3644, 3644, 3644, 3644, 3644, 3644]"
通知,"[1053, 1053, 3644, 3644, 5235, 5235, 7422, 7422, 8711, 8711]"
速度,[8711]
造成,[8711]
遇到,[7422]
邮件,"[1053, 3644, 5235, 7422, 8711]"
邱瑞坤,[3644]
部,"[1053, 1053, 1053, 1053, 1053, 1053, 1053, 3644, 5235, 5235]"
部分,[1053]
部副,"[1053, 5235]"
部长,"[1053, 1053]"
部门,"[1053, 1053, 1053, 1053, 1053, 3644, 3644, 5235, 5235, 7422, 7422, 7422, 7422, 7422, 8711, 8711, 8711, 8711, 8711]"
郭,[3644]
都,[7422]
配有,[5235]
重点,"[3644, 7422]"
重要,[3644]
量身,[3644]
金融,[3644]
金融服务,"[3644, 3644, 3644, 3644, 3644, 3644, 3644]"
金融界,[3644]
针对,"[3644, 5235, 7422]"
钢管,"[8711, 8711]"
银行,[3644]
链接,[3644]
问题,"[5235, 7422]"
阀门,"[8711, 8711, 8711]"
阅读,"[1053, 3644, 5235, 7422, 8711]"
阐述,[5235]
防消,[1053]
防灾,[1053]
防锈,[8711]
陈松,[3644]
随后,[3644]
集中,"[5235, 5235]"
集团,"[1053, 1053, 1053, 1053, 1053, 1053, 1053, 1053, 1053, 1053, 1053, 3644, 3644, 3644, 3644, 3644, 3644, 3644, 3644, 3644, 3644, 3644, 3644, 3644, 3644, 3644, 3644, 5235, 5235, 5235, 5235, 5235, 5235, 5235, 5235, 5235, 5235, 5235, 5235, 5235, 5235, 5235, 5235, 7422, 7422, 7422, 7422, 7422, 7422, 7422, 7422, 7422, 7422, 8711, 8711, 8711, 8711, 8711, 8711, 8711, 8711, 8711, 8711]"
需,[8711]
需求,"[3644, 5235]"
需求量,[3644]
需要,[5235]
静园,"[8711, 8711, 8711]"
面积,"[8711, 8711]"
项目,[3644]
顺延,[5235]
顾虑,[7422]
预防为主,[1053]
领导,"[1053, 3644, 5235, 7422, 7422, 7422, 7422, 8711]"
领导小组,[3644]
题及,[1053]
风格,[3644]
餐饮,"[1053, 3644, 5235, 7422, 8711]"
饱满,[7422]
首批,[3644]
首页,"[1053, 1053, 3644, 3644, 5235, 5235, 7422, 7422, 8711, 8711]"
高,[3644]
高位,[1053]
高峰,"[5235, 5235]"
高度重视,[3644]
高点,[3644]
高等教育,[3644]
高级,[3644]
高骛远,[3644]
鹤峰,"[3644, 3644, 3644, 3644, 3644, 3644, 3644]"
